{
    "[ ^  ],[+0,+0,+0]": [
        3.7036616021017412,
        11.736926345749945,
        4.505132263879774
    ],
    "[<  v],[+0,+0,+0]": [
        5.87644373608961,
        3.6421179984791476,
        3.253778971661167
    ],
    "[<^  ],[+0,+0,+0]": [
        5.499096162124637,
        5.066421436320393,
        4.049696605846437
    ],
    "[ ^> ],[+0,+0,+0]": [
        4.308226830777799,
        4.684119475659463,
        6.700077801374341
    ],
    "[  > ],[+0,+0,+0]": [
        4.08661082148818,
        4.3880495686359335,
        10.726157055041785
    ],
    "[  >v],[+0,+0,+0]": [
        5.054963214702319,
        3.1720560286754513,
        2.871108968320535
    ],
    "[  >v],[+0,-1,+0]": [
        4.484841867003674,
        -13.445038867313126,
        3.3473024548941033
    ],
    "[  >v],[-1,-1,-1]": [
        -10.25481969944031,
        -10.730649958853887,
        -10.647867826147543
    ],
    "[ ^> ],[-1,+0,+0]": [
        -11.024611454781148,
        3.8762352475729522,
        5.645213641903709
    ],
    "[<  v],[+0,+0,-1]": [
        4.678452849446141,
        4.176232192989845,
        -15.272223924640661
    ],
    "[<   ],[+0,+0,+0]": [
        10.21366978616412,
        3.665357146990084,
        4.0043630769512495
    ],
    "[   v],[+0,+0,+0]": [
        3.89998098812927,
        1.6470241852102172,
        2.5055836410925783
    ],
    "[<  v],[+0,-1,+0]": [
        1.5910679250685518,
        -13.744552252402187,
        3.6768279972971136
    ],
    "[  >v],[-1,+0,+0]": [
        -8.38787245435957,
        3.33759512363102,
        4.706018661620705
    ],
    "[<  v],[-1,-1,-1]": [
        -6.327390315779338,
        -7.694290352860736,
        -8.486134153523933
    ],
    "[<^  ],[+0,+0,-1]": [
        5.46425355097681,
        4.692957544424819,
        -14.815140115095511
    ],
    "[<  v],[+0,-1,-1]": [
        4.355956271171811,
        -6.8731098670903465,
        -8.580981321161167
    ],
    "[<   ],[+0,+0,-1]": [
        8.890344135531691,
        2.915841051206223,
        -4.664507392880082
    ],
    "[   v],[-1,-1,-1]": [
        -1.7152821942027052,
        -2.0,
        -1.3474699815101616
    ],
    "[<   ],[+0,-1,+0]": [
        9.25712879793412,
        -10.955557667487579,
        2.743483532239113
    ],
    "[ ^  ],[+0,+0,-1]": [
        4.459086097519971,
        9.885955821605425,
        -10.850443830236001
    ],
    "[   v],[+0,-1,+0]": [
        4.365203471967863,
        -2.71,
        0.0
    ],
    "[  >v],[-1,-1,+0]": [
        -4.77559,
        -5.9611789,
        3.728382713194174
    ],
    "[  > ],[-1,+0,+0]": [
        -4.3537890639038075,
        2.796948076408924,
        9.33606028400235
    ],
    "[ ^  ],[+0,+1,+0]": [
        4.114491551608407,
        14.70290624089596,
        4.261054494162651
    ],
    "[   v],[-1,+0,+0]": [
        -8.640940183056493,
        1.2569420322892821,
        4.257793124177724
    ],
    "[<   ],[+1,+0,+0]": [
        15.393771152093459,
        4.939616051146575,
        3.179341035712429
    ],
    "[  > ],[+0,+0,+1]": [
        1.171325572958852,
        3.3206565464371693,
        14.392515287103935
    ],
    "[  > ],[+0,-1,+0]": [
        2.1456889266019665,
        -7.002688973088936,
        8.509719506614347
    ],
    "[ ^  ],[-1,+1,+0]": [
        -4.76886884113263,
        14.642869379698624,
        3.532947829508351
    ],
    "[ ^> ],[+0,+0,-1]": [
        4.1775133412509335,
        5.574537613453205,
        -5.763821397059514
    ],
    "[<^  ],[+0,-1,-1]": [
        4.726408484079354,
        -2.249080742716789,
        -1.59180813667827
    ],
    "[<   ],[+1,+0,-1]": [
        3.405464127422271,
        4.4744371847713795,
        -0.6731961130496499
    ],
    "[   v],[-1,+0,-1]": [
        -1.0,
        3.2446588300568706,
        -1.4106995328278464
    ],
    "[<^  ],[-1,+0,+0]": [
        -6.236410315451225,
        4.319186723931365,
        4.0122137507268585
    ],
    "[  > ],[-1,+0,+1]": [
        -2.7704704829787863,
        0.5220408737558193,
        15.606397487655325
    ],
    "[  >v],[+0,-1,-1]": [
        4.051179123397663,
        -1.6916898342274593,
        -3.8632639050779427
    ],
    "[ ^> ],[-1,+0,-1]": [
        0.0,
        3.956306556345703,
        -1.6060173519785215
    ],
    "[  > ],[-1,-1,+0]": [
        -1.691716586962153,
        -4.198478221525068,
        8.49203083119124
    ],
    "[  >v],[+0,+0,-1]": [
        4.3398811938771304,
        2.909431978810869,
        -5.933933574262171
    ],
    "[  > ],[-1,-1,+1]": [
        0.0,
        -1.0,
        13.75844724754374
    ],
    "[<^  ],[+0,-1,+0]": [
        0.22005285627910487,
        -2.3635448455889643,
        0.7625265384337807
    ],
    "[<  v],[-1,+0,+0]": [
        -5.599524020711403,
        3.326212560161197,
        4.015917702764617
    ],
    "[  > ],[+0,-1,-1]": [
        3.6822180517407865,
        -1.0,
        -7.120442912318332
    ],
    "[<   ],[-1,-1,+0]": [
        -2.691871612261672,
        -2.6939013141582686,
        3.776371357960276
    ],
    "[  > ],[+0,+0,-1]": [
        1.944036552834751,
        4.124752772156095,
        -3.662454187366114
    ],
    "[ ^  ],[-1,+0,-1]": [
        -2.4083931844267266,
        8.044968485859327,
        0.0
    ],
    "[   v],[-1,-1,+0]": [
        -6.21579511,
        -6.8618940391,
        2.1518721476865945
    ],
    "[<   ],[+1,-1,+0]": [
        13.270974512110342,
        -3.300625104170485,
        0.5328671226970081
    ],
    "[<   ],[+0,-1,-1]": [
        10.510644318244843,
        -7.597883530513749,
        -8.528899634831005
    ],
    "[<^  ],[-1,-1,+0]": [
        -1.0,
        -2.411618652484807,
        4.374490985303099
    ],
    "[   v],[+0,+0,-1]": [
        3.7401226664919616,
        1.2136782255130178,
        -3.0896137822788363
    ],
    "[<   ],[-1,+0,+0]": [
        -4.906773360327353,
        3.638699422155524,
        1.3091265939607686
    ],
    "[ ^> ],[-1,-1,+0]": [
        -9.476955599671655,
        -1.6321155932260045,
        4.918104061951478
    ],
    "[  >v],[-1,+0,-1]": [
        -3.399690374353938,
        1.709805124474396,
        -4.755057772791625
    ],
    "[<   ],[+1,-1,-1]": [
        15.233077858302563,
        -2.9773899999999998,
        0.0
    ],
    "[  > ],[+0,-1,+1]": [
        3.490235751088976,
        -4.634673095480042,
        7.092617575510351
    ],
    "[<^  ],[-1,+0,-1]": [
        -1.8453137559004615,
        4.703331905468387,
        -1.4410895509000001
    ],
    "[ ^  ],[-1,+0,+0]": [
        -16.2061560749639,
        9.934017610683322,
        4.684040856532842
    ],
    "[<   ],[-1,-1,-1]": [
        -5.921527249571025,
        -6.45019540498464,
        -6.016103205068274
    ],
    "[<  v],[-1,-1,+0]": [
        -3.353455600005176,
        -2.9983476351255014,
        3.9373743612414267
    ],
    "[<  v],[-1,+0,-1]": [
        -0.6736732423829859,
        3.6924621399421107,
        -7.295968454622363
    ],
    "[<^  ],[-1,-1,-1]": [
        -7.23881774563933,
        -5.900365743413792,
        -6.049972330122888
    ],
    "[ ^> ],[-1,-1,-1]": [
        -7.959040346139595,
        -7.210170123056732,
        -6.602894327462421
    ],
    "[ ^> ],[+0,-1,-1]": [
        4.077866613299225,
        -1.5585062716874714,
        -1.088403383091644
    ],
    "[<   ],[-1,+0,-1]": [
        -0.9606797983470499,
        4.0102330517266624,
        -1.0
    ],
    "[ ^  ],[-1,-1,+0]": [
        -0.8653661323194953,
        -1.0,
        4.072969794516575
    ],
    "[ ^  ],[+0,+1,-1]": [
        1.6983314218499657,
        14.782930218924164,
        -5.605640516573857
    ],
    "[ ^  ],[-1,-1,-1]": [
        -2.813229868301696,
        -2.9014254485171644,
        -3.0004488643101945
    ],
    "[ ^  ],[+0,-1,-1]": [
        4.6554369347722,
        -1.0,
        -1.1791
    ],