{
    "[ ^> ],[+0,+0,+0]": [
        0.03046449403526897,
        0.37366649638858607,
        1.373842866128622
    ],
    "[  >v],[+0,+0,+0]": [
        0.00897252373921624,
        0.0,
        0.7678040753689312
    ],
    "[<  v],[+0,+0,+0]": [
        1.9565798613392802,
        0.10713331461981651,
        0.0
    ],
    "[<  v],[+0,-1,+0]": [
        0.0,
        -2.0,
        0.007734243441989224
    ],
    "[<^  ],[+0,+0,-1]": [
        0.666419997054239,
        0.0,
        -2.0
    ],
    "[<  v],[-1,-1,-1]": [
        0.0,
        0.0,
        0.0
    ],
    "[  > ],[+0,+0,+0]": [
        0.03971727834658019,
        0.14937654328420516,
        1.1516603987226834
    ],
    "[<^  ],[+0,+0,+0]": [
        3.007091327583666,
        0.6795474678979347,
        0.255383598020437
    ],
    "[ ^  ],[+0,+0,+0]": [
        -0.23454773874410947,
        0.10467813155637862,
        1.263166105220014
    ],
    "[   v],[+0,+0,+0]": [
        0.2816591979350797,
        0.0,
        0.0
    ],
    "[  >v],[+0,-1,+0]": [
        0.0037692198492549588,
        -2.0,
        0.0
    ],
    "[<  v],[+0,+0,-1]": [
        0.0,
        0.012665406507126976,
        -2.0
    ],
    "[  >v],[-1,-1,-1]": [
        0.0,
        0.0,
        0.0
    ],
    "[  >v],[-1,+0,+0]": [
        -1.6,
        0.025882339746320794,
        0.0
    ],
    "[<   ],[+0,+0,+0]": [
        -0.05874981096357052,
        1.1164376880712148,
        0.017338118959690382
    ],
    "[ ^  ],[+0,+1,+0]": [
        0.0,
        7.733551658826351,
        0.0
    ],
    "[ ^> ],[-1,+0,+0]": [
        -2.0,
        2.17102300854587,
        0.1015080922324369
    ],
    "[<  v],[+0,-1,-1]": [
        0.02648806169650548,
        -2.0,
        0.0
    ],
    "[<   ],[+1,+0,+0]": [
        6.357165901412744,
        0.0,
        0.0
    ],
    "[<  v],[-1,+0,+0]": [
        0.0,
        0.0,
        0.0
    ],
    "[<   ],[-1,+0,+0]": [
        0.0,
        0.0,
        0.0
    ],
    "[ ^  ],[-1,+0,+0]": [
        0.0,
        0.0,
        0.46970594409994937
    ],
    "[  > ],[+0,+0,+1]": [
        0.0,
        0.0,
        9.978227930670716
    ],
    "[ ^  ],[-1,+1,+0]": [
        0.0,
        0.0,
        0.0
    ],
    "[ ^  ],[+0,+1,-1]": [
        0.03684451506455788,
        0.0,
        0.0
    ],
    "[ ^> ],[+0,+0,-1]": [
        0.19087500546708638,
        0.0,
        0.0
    ],
    "[  > ],[-1,+0,+0]": [
        -2.0,
        0.13287031702903418,
        0.0
    ],
    "[   v],[-1,+0,+0]": [
        0.0,
        0.0,
        0.0
    ],
    "[  > ],[+0,+0,-1]": [
        0.0,
        0.0,
        -1.9933679872883798
    ],
    "[  >v],[-1,-1,+0]": [
        0.0,
        -2.0,
        0.16374464653331736
    ],
    "[  > ],[+0,-1,+0]": [
        0.0,
        -2.0,
        0.1252874073452936
    ],
    "[   v],[+0,+0,-1]": [
        0.13391664327477062,
        0.0,
        0.0
    ],
    "[  >v],[+0,+0,-1]": [
        0.0,
        0.12294803238008567,
        0.0
    ],
    "[<^  ],[-1,+0,+0]": [
        0.0,
        0.0,
        0.0
    ],
    "[<   ],[+1,+0,-1]": [
        0.0,
        0.0,
        0.0
    ],
    "[   v],[+0,-1,+0]": [
        0.0,
        -2.0,
        0.0
    ],
    "[   v],[-1,-1,-1]": [
        0.0,
        0.0,
        0.0
    ],
    "[  > ],[+0,-1,+1]": [
        0.0,
        0.0,
        2.0060636468585193
    ],
    "[<^  ],[+0,-1,-1]": [
        0.0,
        0.10472448558612042,
        0.0
    ],
    "[<   ],[+0,+0,-1]": [
        0.0,
        0.0,
        -2.0
    ],
    "[  > ],[-1,+0,+1]": [
        0.0,
        0.0,
        4.1630071614048045
    ]
}